stem,year,cls,w_pct,h_pct,area_pct,n_milco,n_nombo,background
0001_2010,2010,,,,,0,0,1
0001_2015,2015,MILCO,5.3711,2.9297,0.15736,3,3,0
0001_2015,2015,NOMBO,3.8086,5.4688,0.20828,3,3,0
0001_2015,2015,MILCO,2.1484,1.9531,0.04196,3,3,0
0001_2015,2015,MILCO,3.0273,1.9531,0.05913,3,3,0
0001_2015,2015,NOMBO,2.4414,1.7578,0.04292,3,3,0
0001_2015,2015,NOMBO,4.7852,2.7344,0.13084,3,3,0
0001_2017,2017,MILCO,4.2969,1.5625,0.06714,1,0,0
0001_2018,2018,,,,,0,0,1
0001_2021,2021,MILCO,3.4856,3.0048,0.10473,2,0,0
0001_2021,2021,MILCO,3.726,4.5673,0.17018,2,0,0
0002_2010,2010,,,,,0,0,1
0002_2015,2015,NOMBO,4.8077,2.7644,0.1329,3,2,0
0002_2015,2015,NOMBO,5.8894,3.6058,0.21236,3,2,0
0002_2015,2015,MILCO,6.0096,2.0433,0.12279,3,2,0
0002_2015,2015,MILCO,1.8029,0.9615,0.01734,3,2,0
0002_2015,2015,MILCO,1.6827,3.125,0.05258,3,2,0
0002_2017,2017,MILCO,4.6875,2.8846,0.13522,2,0,0
0002_2017,2017,MILCO,4.3269,1.5625,0.06761,2,0,0
0002_2018,2018,,,,,0,0,1
0002_2021,2021,,,,,0,0,1
0003_2010,2010,,,,,0,0,1
0003_2015,2015,NOMBO,4.7852,2.7344,0.13084,3,2,0
0003_2015,2015,NOMBO,5.8594,3.6133,0.21172,3,2,0
0003_2015,2015,MILCO,6.0547,2.0508,0.12417,3,2,0
0003_2015,2015,MILCO,1.7578,0.9766,0.01717,3,2,0
0003_2015,2015,MILCO,1.6602,3.125,0.05188,3,2,0
0003_2017,2017,MILCO,4.6875,2.832,0.13275,2,0,0
0003_2017,2017,MILCO,4.2969,1.5625,0.06714,2,0,0
0003_2018,2018,,,,,0,0,1
0003_2021,2021,MILCO,3.125,3.3654,0.10517,2,0,0
0003_2021,2021,MILCO,3.9663,2.4038,0.09534,2,0,0
0004_2010,2010,,,,,0,0,1
0004_2015,2015,MILCO,5.2734,2.7344,0.1442,4,1,0
0004_2015,2015,MILCO,4.9805,2.2461,0.11187,4,1,0
0004_2015,2015,MILCO,5.8594,3.6133,0.21172,4,1,0
0004_2015,2015,NOMBO,4.7852,6.8359,0.32711,4,1,0
0004_2015,2015,MILCO,2.1484,1.9531,0.04196,4,1,0
0004_2017,2017,MILCO,4.6875,2.832,0.13275,1,0,0
0004_2018,2018,,,,,0,0,1
0004_2021,2021,,,,,0,0,1
0005_2010,2010,,,,,0,0,1
0005_2015,2015,MILCO,5.2885,2.7644,0.1462,4,1,0
0005_2015,2015,MILCO,4.9279,2.2837,0.11254,4,1,0
0005_2015,2015,MILCO,5.8894,3.6058,0.21236,4,1,0
0005_2015,2015,NOMBO,4.8077,6.851,0.32937,4,1,0
0005_2015,2015,MILCO,2.1635,1.9231,0.04161,4,1,0
0005_2017,2017,MILCO,4.6875,2.8846,0.13522,1,0,0
0005_2018,2018,,,,,0,0,1
0005_2021,2021,,,,,0,0,1
0006_2010,2010,,,,,0,0,1
0006_2015,2015,MILCO,1.4648,1.6602,0.02432,1,2,0
0006_2015,2015,NOMBO,3.418,2.4414,0.08345,1,2,0
0006_2015,2015,NOMBO,4.6875,1.8555,0.08698,1,2,0
0006_2017,2017,MILCO,3.2227,3.418,0.11015,1,0,0
0006_2018,2018,,,,,0,0,1
0006_2021,2021,,,,,0,0,1
0007_2010,2010,,,,,0,0,1
0007_2015,2015,MILCO,2.832,1.8555,0.05255,7,0,0
0007_2015,2015,MILCO,8.9844,2.5391,0.22812,7,0,0
0007_2015,2015,MILCO,5.5664,2.7344,0.15221,7,0,0
0007_2015,2015,MILCO,4.7852,2.5391,0.1215,7,0,0
0007_2015,2015,MILCO,2.6367,2.1484,0.05665,7,0,0
0007_2015,2015,MILCO,2.3438,3.0273,0.07095,7,0,0
0007_2015,2015,MILCO,1.8555,1.5625,0.02899,7,0,0
0007_2017,2017,MILCO,3.2452,3.3654,0.10921,1,0,0
0007_2018,2018,,,,,0,0,1
0007_2021,2021,MILCO,6.851,2.0433,0.13998,2,0,0
0007_2021,2021,MILCO,2.524,2.1635,0.05461,2,0,0
0008_2010,2010,,,,,0,0,1
0008_2015,2015,MILCO,2.8846,1.8029,0.05201,7,0,0
0008_2015,2015,MILCO,9.0144,2.524,0.22753,7,0,0
0008_2015,2015,MILCO,5.5288,2.7644,0.15284,7,0,0
0008_2015,2015,MILCO,4.8077,2.524,0.12135,7,0,0
0008_2015,2015,MILCO,2.6442,2.1635,0.05721,7,0,0
0008_2015,2015,MILCO,2.4038,3.0048,0.07223,7,0,0
0008_2015,2015,MILCO,1.8029,1.5625,0.02817,7,0,0
0008_2017,2017,MILCO,4.4922,2.1484,0.09651,1,0,0
0008_2018,2018,,,,,0,0,1
0008_2021,2021,MILCO,3.4856,3.9663,0.13825,3,0,0
0008_2021,2021,MILCO,3.9663,4.0865,0.16209,3,0,0
0008_2021,2021,MILCO,3.9663,4.9279,0.19546,3,0,0
0009_2010,2010,,,,,0,0,1
0009_2015,2015,NOMBO,4.9805,2.7344,0.13618,3,3,0
0009_2015,2015,MILCO,1.3672,2.0508,0.02804,3,3,0
0009_2015,2015,NOMBO,4.9805,2.9297,0.14591,3,3,0
0009_2015,2015,MILCO,4.7852,1.3672,0.06542,3,3,0
0009_2015,2015,NOMBO,3.5156,2.3438,0.0824,3,3,0
0009_2015,2015,MILCO,2.5391,2.4414,0.06199,3,3,0
0009_2017,2017,MILCO,4.4922,2.1484,0.09651,3,0,0
0009_2017,2017,MILCO,3.125,1.4648,0.04578,3,0,0
0009_2017,2017,MILCO,4.6875,1.9531,0.09155,3,0,0
0009_2018,2018,,,,,0,0,1
0009_2021,2021,MILCO,3.9663,3.9663,0.15732,3,0,0
0009_2021,2021,MILCO,3.4856,4.5673,0.1592,3,0,0
0009_2021,2021,MILCO,4.5673,3.125,0.14273,3,0,0
0010_2010,2010,,,,,0,0,1
0010_2015,2015,NOMBO,4.9279,2.7644,0.13623,3,3,0
0010_2015,2015,MILCO,1.3221,2.0433,0.02701,3,3,0
0010_2015,2015,NOMBO,4.9279,2.8846,0.14215,3,3,0
0010_2015,2015,MILCO,4.8077,1.3221,0.06356,3,3,0
0010_2015,2015,NOMBO,3.4856,2.4038,0.08379,3,3,0
0010_2015,2015,MILCO,2.524,2.4038,0.06067,3,3,0
0010_2017,2017,MILCO,4.4471,2.1635,0.09621,3,0,0
0010_2017,2017,MILCO,3.125,1.4423,0.04507,3,0,0
0010_2017,2017,MILCO,4.6875,1.9231,0.09014,3,0,0
0010_2018,2018,,,,,0,0,1
0010_2021,2021,MILCO,4.9279,3.6058,0.17769,3,0,0
0010_2021,2021,MILCO,4.6875,2.2837,0.10705,3,0,0
0010_2021,2021,MILCO,5.5288,3.3654,0.18607,3,0,0
0011_2010,2010,,,,,0,0,1
0011_2015,2015,MILCO,7.9102,2.5391,0.20084,2,0,0
0011_2015,2015,MILCO,4.9805,3.0273,0.15078,2,0,0
0011_2017,2017,,,,,0,0,1
0011_2018,2018,,,,,0,0,1
0011_2021,2021,MILCO,3.9663,2.6442,0.10488,3,0,0
0011_2021,2021,MILCO,6.851,2.2837,0.15645,3,0,0
0011_2021,2021,MILCO,3.9663,2.1635,0.08581,3,0,0
0012_2010,2010,,,,,0,0,1
0012_2015,2015,MILCO,7.9327,2.524,0.20022,2,0,0
0012_2015,2015,MILCO,4.9279,3.0048,0.14807,2,0,0
0012_2017,2017,,,,,0,0,1
0012_2018,2018,,,,,0,0,1
0012_2021,2021,MILCO,6.4904,2.8846,0.18722,2,0,0
0012_2021,2021,MILCO,3.9663,3.125,0.12395,2,0,0
0013_2010,2010,,,,,0,0,1
0013_2015,2015,MILCO,4.2969,3.0273,0.13008,1,4,0
0013_2015,2015,NOMBO,4.0039,6.25,0.25024,1,4,0
0013_2015,2015,NOMBO,10.6445,4.2969,0.45738,1,4,0
0013_2015,2015,NOMBO,1.8555,1.7578,0.03262,1,4,0
0013_2015,2015,NOMBO,5.0781,4.1016,0.20828,1,4,0
0013_2017,2017,MILCO,5.6641,2.1484,0.12169,2,0,0
0013_2017,2017,MILCO,2.7344,2.5391,0.06943,2,0,0
0013_2018,2018,,,,,0,0,1
0013_2021,2021,MILCO,4.6875,2.0433,0.09578,1,0,0
0014_2010,2010,,,,,0,0,1
0014_2015,2015,MILCO,4.3269,3.0048,0.13002,1,4,0
0014_2015,2015,NOMBO,3.9663,6.25,0.2479,1,4,0
0014_2015,2015,NOMBO,10.6971,4.3269,0.46286,1,4,0
0014_2015,2015,NOMBO,1.8029,1.8029,0.0325,1,4,0
0014_2015,2015,NOMBO,5.0481,4.0865,0.20629,1,4,0
0014_2017,2017,MILCO,5.649,2.1635,0.12221,2,0,0
0014_2017,2017,MILCO,2.7644,2.524,0.06978,2,0,0
0014_2018,2018,,,,,0,0,1
0014_2021,2021,,,,,0,0,1
0015_2010,2010,,,,,0,0,1
0015_2015,2015,NOMBO,4.9805,3.2227,0.1605,2,1,0
0015_2015,2015,MILCO,6.0547,2.3438,0.14191,2,1,0
0015_2015,2015,MILCO,4.7852,2.5391,0.1215,2,1,0
0015_2017,2017,,,,,0,0,1
0015_2018,2018,,,,,0,0,1
0015_2021,2021,MILCO,4.6875,3.4856,0.16339,1,0,0
0016_2010,2010,,,,,0,0,1
0016_2015,2015,NOMBO,4.9279,3.2452,0.15992,2,1,0
0016_2015,2015,MILCO,6.0096,2.4038,0.14446,2,1,0
0016_2015,2015,MILCO,4.8077,2.524,0.12135,2,1,0
0016_2017,2017,,,,,0,0,1
0016_2018,2018,,,,,0,0,1
0016_2021,2021,MILCO,4.4471,2.1635,0.09621,2,0,0
0016_2021,2021,MILCO,5.8894,3.0048,0.17697,2,0,0
0017_2010,2010,,,,,0,0,1
0017_2015,2015,NOMBO,3.8086,1.4648,0.05579,1,2,0
0017_2015,2015,NOMBO,4.9805,6.1523,0.30642,1,2,0
0017_2015,2015,MILCO,5.4688,4.7852,0.26169,1,2,0
0017_2017,2017,,,,,0,0,1
0017_2018,2018,,,,,0,0,1
0017_2021,2021,,,,,0,0,1
0018_2010,2010,,,,,0,0,1
0018_2015,2015,NOMBO,3.8462,1.4423,0.05547,1,2,0
0018_2015,2015,NOMBO,4.9279,6.1298,0.30207,1,2,0
0018_2015,2015,MILCO,5.5288,4.8077,0.26581,1,2,0
0018_2017,2017,,,,,0,0,1
0018_2018,2018,,,,,0,0,1
0018_2021,2021,MILCO,9.2548,2.524,0.23359,1,0,0
0019_2010,2010,,,,,0,0,1
0019_2015,2015,MILCO,8.1055,2.2461,0.18206,1,1,0
0019_2015,2015,NOMBO,4.1016,3.418,0.14019,1,1,0
0019_2017,2017,,,,,0,0,1
0019_2018,2018,,,,,0,0,1
0019_2021,2021,MILCO,3.125,3.4856,0.10892,1,0,0
0020_2010,2010,,,,,0,0,1
0020_2015,2015,MILCO,8.0529,2.2837,0.1839,1,1,0
0020_2015,2015,NOMBO,4.0865,3.3654,0.13753,1,1,0
0020_2017,2017,,,,,0,0,1
0020_2018,2018,,,,,0,0,1
0020_2021,2021,MILCO,4.9279,3.3654,0.16584,2,0,0
0020_2021,2021,MILCO,3.4856,2.4038,0.08379,2,0,0
0021_2010,2010,,,,,0,0,1
0021_2015,2015,MILCO,5.4688,4.7852,0.26169,4,0,0
0021_2015,2015,MILCO,5.3711,2.9297,0.15736,4,0,0
0021_2015,2015,MILCO,6.25,2.7344,0.1709,4,0,0
0021_2015,2015,MILCO,3.9062,2.3438,0.09155,4,0,0
0021_2017,2017,,,,,0,0,1
0021_2018,2018,MILCO,5.1758,3.0273,0.15669,1,0,0
0021_2021,2021,MILCO,6.851,4.3269,0.29644,1,0,0
0022_2010,2010,,,,,0,0,1
0022_2015,2015,MILCO,2.7344,3.2227,0.08812,2,0,0
0022_2015,2015,MILCO,4.3945,1.1719,0.0515,2,0,0
0022_2017,2017,,,,,0,0,1
0022_2018,2018,MILCO,5.1683,3.0048,0.1553,1,0,0
0022_2021,2021,,,,,0,0,1
0023_2010,2010,,,,,0,0,1
0023_2015,2015,MILCO,7.9102,2.3438,0.18539,1,0,0
0023_2017,2017,,,,,0,0,1
0023_2018,2018,MILCO,5.1758,3.0273,0.15669,1,0,0
0023_2021,2021,MILCO,4.4471,3.4856,0.15501,1,0,0
0024_2010,2010,,,,,0,0,1
0024_2015,2015,MILCO,7.9327,2.4038,0.19069,1,0,0
0024_2017,2017,,,,,0,0,1
0024_2018,2018,,,,,0,0,1
0024_2021,2021,MILCO,3.726,2.4038,0.08957,1,0,0
0025_2010,2010,,,,,0,0,1
0025_2015,2015,NOMBO,6.0096,3.0048,0.18058,1,2,0
0025_2015,2015,MILCO,4.0865,1.8029,0.07368,1,2,0
0025_2015,2015,NOMBO,9.0144,3.0048,0.27087,1,2,0
0025_2017,2017,,,,,0,0,1
0025_2018,2018,,,,,0,0,1
0025_2021,2021,,,,,0,0,1
0026_2010,2010,,,,,0,0,1
0026_2015,2015,NOMBO,5.957,3.0273,0.18034,1,2,0
0026_2015,2015,MILCO,4.1016,1.8555,0.0761,1,2,0
0026_2015,2015,NOMBO,8.9844,3.0273,0.27199,1,2,0
0026_2017,2017,,,,,0,0,1
0026_2018,2018,,,,,0,0,1
0026_2021,2021,MILCO,3.125,2.8846,0.09014,1,0,0
0027_2010,2010,,,,,0,0,1
0027_2015,2015,NOMBO,7.4519,2.524,0.18809,1,2,0
0027_2015,2015,NOMBO,10.8173,4.2067,0.45506,1,2,0
0027_2015,2015,MILCO,6.0096,3.2452,0.19502,1,2,0
0027_2017,2017,,,,,0,0,1
0027_2018,2018,,,,,0,0,1
0027_2021,2021,MILCO,3.4856,3.4856,0.12149,1,0,0
0028_2010,2010,,,,,0,0,1
0028_2015,2015,NOMBO,7.4219,2.5391,0.18845,1,2,0
0028_2015,2015,NOMBO,10.8398,4.1992,0.45519,1,2,0
0028_2015,2015,MILCO,6.0547,3.2227,0.19512,1,2,0
0028_2017,2017,,,,,0,0,1
0028_2018,2018,,,,,0,0,1
0028_2021,2021,MILCO,5.4087,2.524,0.13652,1,0,0
0029_2010,2010,,,,,0,0,1
0029_2015,2015,MILCO,6.0096,3.2452,0.19502,3,0,0
0029_2015,2015,MILCO,3.2452,3.2452,0.10531,3,0,0
0029_2015,2015,MILCO,5.0481,2.4038,0.12135,3,0,0
0029_2017,2017,,,,,0,0,1
0029_2018,2018,,,,,0,0,1
0029_2021,2021,,,,,0,0,1
0030_2010,2010,,,,,0,0,1
0030_2015,2015,MILCO,6.0547,3.2227,0.19512,3,0,0
0030_2015,2015,MILCO,3.2227,3.2227,0.10386,3,0,0
0030_2015,2015,MILCO,5.0781,2.4414,0.12398,3,0,0
0030_2017,2017,,,,,0,0,1
0030_2018,2018,,,,,0,0,1
0030_2021,2021,,,,,0,0,1
0031_2010,2010,,,,,0,0,1
0031_2015,2015,MILCO,5.3711,3.418,0.18358,1,0,0
0031_2017,2017,,,,,0,0,1
0031_2018,2018,,,,,0,0,1
0031_2021,2021,MILCO,5.1683,3.0048,0.1553,1,0,0
0032_2010,2010,,,,,0,0,1
0032_2015,2015,NOMBO,4.1016,2.7344,0.11215,2,1,0
0032_2015,2015,MILCO,2.7344,1.8555,0.05074,2,1,0
0032_2015,2015,MILCO,2.832,2.4414,0.06914,2,1,0
0032_2017,2017,,,,,0,0,1
0032_2018,2018,,,,,0,0,1
0032_2021,2021,MILCO,4.0865,3.0048,0.12279,2,0,0
0032_2021,2021,MILCO,3.9663,2.6442,0.10488,2,0,0
0033_2010,2010,,,,,0,0,1
0033_2015,2015,NOMBO,4.0865,2.7644,0.11297,2,1,0
0033_2015,2015,MILCO,2.7644,1.8029,0.04984,2,1,0
0033_2015,2015,MILCO,2.8846,2.4038,0.06934,2,1,0
0033_2017,2017,,,,,0,0,1
0033_2018,2018,,,,,0,0,1
0033_2021,2021,,,,,0,0,1
0034_2010,2010,,,,,0,0,1
0034_2015,2015,MILCO,8.9844,1.8555,0.1667,2,0,0
0034_2015,2015,MILCO,11.6211,2.9297,0.34046,2,0,0
0034_2017,2017,,,,,0,0,1
0034_2018,2018,,,,,0,0,1
0034_2021,2021,MILCO,3.9663,4.5673,0.18116,2,0,0
0034_2021,2021,MILCO,5.8894,3.0048,0.17697,2,0,0
0035_2010,2010,,,,,0,0,1
0035_2015,2015,MILCO,9.0144,1.8029,0.16252,2,0,0
0035_2015,2015,MILCO,11.6587,2.8846,0.33631,2,0,0
0035_2017,2017,,,,,0,0,1
0035_2018,2018,,,,,0,0,1
0035_2021,2021,MILCO,3.726,2.1635,0.08061,3,0,0
0035_2021,2021,MILCO,4.2067,2.524,0.10618,3,0,0
0035_2021,2021,MILCO,5.8894,5.2885,0.31146,3,0,0
0036_2010,2010,,,,,0,0,1
0036_2015,2015,MILCO,4.4471,3.3654,0.14966,1,0,0
0036_2017,2017,,,,,0,0,1
0036_2018,2018,MILCO,4.4922,3.418,0.15354,1,0,0
0036_2021,2021,,,,,0,0,1
0037_2010,2010,,,,,0,0,1
0037_2015,2015,MILCO,4.4922,3.418,0.15354,1,0,0
0037_2017,2017,,,,,0,0,1
0037_2018,2018,MILCO,4.4471,3.3654,0.14966,1,0,0
0037_2021,2021,MILCO,4.4471,3.8462,0.17104,4,0,0
0037_2021,2021,MILCO,2.1635,3.3654,0.07281,4,0,0
0037_2021,2021,MILCO,3.3654,3.4856,0.1173,4,0,0
0037_2021,2021,MILCO,7.8125,4.4471,0.34743,4,0,0
0038_2010,2010,,,,,0,0,1
0038_2015,2015,MILCO,2.9297,2.9297,0.08583,4,1,0
0038_2015,2015,NOMBO,5.8594,3.6133,0.21172,4,1,0
0038_2015,2015,MILCO,2.0508,1.8555,0.03805,4,1,0
0038_2015,2015,MILCO,1.8555,2.5391,0.04711,4,1,0
0038_2015,2015,MILCO,6.543,2.2461,0.14696,4,1,0
0038_2017,2017,MILCO,2.8846,1.5625,0.04507,2,0,0
0038_2017,2017,MILCO,2.524,2.0433,0.05157,2,0,0
0038_2018,2018,,,,,0,0,1
0038_2021,2021,,,,,0,0,1
0039_2010,2010,,,,,0,0,1
0039_2015,2015,MILCO,2.8846,2.8846,0.08321,4,1,0
0039_2015,2015,NOMBO,8.6538,6.4904,0.56167,4,1,0
0039_2015,2015,MILCO,1.8029,2.524,0.04551,4,1,0
0039_2015,2015,MILCO,7.2115,1.8029,0.13002,4,1,0
0039_2015,2015,MILCO,6.4904,2.2837,0.14822,4,1,0
0039_2017,2017,MILCO,2.9297,1.5625,0.04578,2,0,0
0039_2017,2017,MILCO,2.5391,2.0508,0.05207,2,0,0
0039_2018,2018,,,,,0,0,1
0039_2021,2021,,,,,0,0,1
0040_2010,2010,,,,,0,0,1
0040_2015,2015,MILCO,2.9297,2.9297,0.08583,4,1,0
0040_2015,2015,NOMBO,8.6914,6.4453,0.56019,4,1,0
0040_2015,2015,MILCO,1.8555,2.5391,0.04711,4,1,0
0040_2015,2015,MILCO,7.2266,1.7578,0.12703,4,1,0
0040_2015,2015,MILCO,6.543,2.2461,0.14696,4,1,0
0040_2017,2017,MILCO,2.9297,1.5625,0.04578,2,0,0
0040_2017,2017,MILCO,2.0508,1.5625,0.03204,2,0,0
0040_2018,2018,,,,,0,0,1
0040_2021,2021,MILCO,0.1202,0.2404,0.00029,2,0,0
0040_2021,2021,MILCO,4.4471,3.3654,0.14966,2,0,0
0041_2010,2010,,,,,0,0,1
0041_2015,2015,MILCO,8.9844,2.5391,0.22812,1,0,0
0041_2017,2017,MILCO,2.7644,1.6827,0.04652,1,0,0
0041_2018,2018,,,,,0,0,1
0041_2021,2021,MILCO,4.6875,3.3654,0.15775,1,0,0
0042_2010,2010,,,,,0,0,1
0042_2015,2015,MILCO,9.0144,2.524,0.22753,1,0,0
0042_2017,2017,MILCO,2.7344,1.6602,0.04539,1,0,0
0042_2018,2018,,,,,0,0,1
0042_2021,2021,,,,,0,0,1
0043_2010,2010,,,,,0,0,1
0043_2015,2015,MILCO,8.774,2.4038,0.21091,2,0,0
0043_2015,2015,MILCO,9.8558,4.5673,0.45014,2,0,0
0043_2017,2017,,,,,0,0,1
0043_2018,2018,,,,,0,0,1
0043_2021,2021,,,,,0,0,1
0044_2010,2010,,,,,0,0,1
0044_2015,2015,MILCO,8.7891,2.3438,0.20599,2,0,0
0044_2015,2015,MILCO,9.8633,4.5898,0.45271,2,0,0
0044_2017,2017,,,,,0,0,1
0044_2018,2018,,,,,0,0,1
0044_2021,2021,,,,,0,0,1
0045_2010,2010,,,,,0,0,1
0045_2015,2015,MILCO,3.125,2.4038,0.07512,1,0,0
0045_2017,2017,,,,,0,0,1
0045_2018,2018,,,,,0,0,1
0045_2021,2021,,,,,0,0,1
0046_2010,2010,,,,,0,0,1
0046_2015,2015,MILCO,3.125,2.3438,0.07324,1,0,0
0046_2017,2017,,,,,0,0,1
0046_2018,2018,,,,,0,0,1
0046_2021,2021,,,,,0,0,1
0047_2010,2010,,,,,0,0,1
0047_2015,2015,MILCO,2.0508,2.3438,0.04807,1,0,0
0047_2017,2017,,,,,0,0,1
0047_2018,2018,,,,,0,0,1
0047_2021,2021,,,,,0,0,1
0048_2010,2010,,,,,0,0,1
0048_2015,2015,MILCO,5.2885,3.9663,0.20976,2,5,0
0048_2015,2015,NOMBO,20.6731,6.9712,1.44115,2,5,0
0048_2015,2015,NOMBO,12.3798,3.3654,0.41663,2,5,0
0048_2015,2015,NOMBO,7.4519,3.125,0.23287,2,5,0
0048_2015,2015,MILCO,5.5288,3.125,0.17278,2,5,0
0048_2015,2015,NOMBO,13.2212,2.8846,0.38138,2,5,0
0048_2015,2015,NOMBO,5.5288,2.524,0.13955,2,5,0
0048_2017,2017,,,,,0,0,1
0048_2018,2018,NOMBO,5.7617,4.0039,0.23069,0,1,0
0048_2021,2021,,,,,0,0,1
0049_2010,2010,,,,,0,0,1
0049_2015,2015,MILCO,5.1758,4.1016,0.21229,2,5,0
0049_2015,2015,NOMBO,20.7031,7.0312,1.45569,2,5,0
0049_2015,2015,NOMBO,12.4023,3.418,0.42391,2,5,0
0049_2015,2015,NOMBO,7.4219,3.125,0.23193,2,5,0
0049_2015,2015,MILCO,5.4688,3.125,0.1709,2,5,0
0049_2015,2015,NOMBO,13.2812,2.832,0.37613,2,5,0
0049_2015,2015,NOMBO,5.4688,2.5391,0.13885,2,5,0
0049_2017,2017,,,,,0,0,1
0049_2018,2018,,,,,0,0,1
0050_2010,2010,,,,,0,0,1
0050_2015,2015,MILCO,5.7617,3.3203,0.19131,4,3,0
0050_2015,2015,NOMBO,7.5195,6.25,0.46997,4,3,0
0050_2015,2015,MILCO,5.7617,2.5391,0.14629,4,3,0
0050_2015,2015,MILCO,4.5898,3.5156,0.16136,4,3,0
0050_2015,2015,NOMBO,4.9805,3.3203,0.16537,4,3,0
0050_2015,2015,NOMBO,9.8633,2.1484,0.21191,4,3,0
0050_2015,2015,MILCO,3.0273,2.2461,0.068,4,3,0
0050_2017,2017,,,,,0,0,1
0050_2018,2018,,,,,0,0,1
0051_2010,2010,,,,,0,0,1
0051_2015,2015,NOMBO,9.8633,2.1484,0.21191,6,2,0
0051_2015,2015,NOMBO,8.0078,6.543,0.52395,6,2,0
0051_2015,2015,MILCO,4.4922,1.7578,0.07896,6,2,0
0051_2015,2015,MILCO,8.8867,2.3438,0.20828,6,2,0
0051_2015,2015,MILCO,8.8867,2.3438,0.20828,6,2,0
0051_2015,2015,MILCO,6.9336,2.6367,0.18282,6,2,0
0051_2015,2015,MILCO,10.4492,2.1484,0.22449,6,2,0
0051_2015,2015,MILCO,5.6641,2.9297,0.16594,6,2,0
0051_2017,2017,,,,,0,0,1
0051_2018,2018,,,,,0,0,1
0052_2010,2010,,,,,0,0,1
0052_2015,2015,MILCO,4.4922,3.5156,0.15793,1,0,0
0052_2017,2017,,,,,0,0,1
0052_2018,2018,,,,,0,0,1
0053_2010,2010,,,,,0,0,1
0053_2015,2015,MILCO,4.4922,3.5156,0.15793,2,0,0
0053_2015,2015,MILCO,10.0586,2.7344,0.27504,2,0,0
0053_2017,2017,,,,,0,0,1
0053_2018,2018,,,,,0,0,1
0054_2010,2010,,,,,0,0,1
0054_2015,2015,NOMBO,11.9141,7.0312,0.83771,0,1,0
0054_2017,2017,,,,,0,0,1
0054_2018,2018,,,,,0,0,1
0055_2010,2010,,,,,0,0,1
0055_2015,2015,NOMBO,4.2969,2.9297,0.12589,5,8,0
0055_2015,2015,NOMBO,5.4688,3.418,0.18692,5,8,0
0055_2015,2015,NOMBO,3.8086,4.0039,0.15249,5,8,0
0055_2015,2015,NOMBO,3.5156,2.9297,0.103,5,8,0
0055_2015,2015,MILCO,4.6875,1.7578,0.0824,5,8,0
0055_2015,2015,NOMBO,5.6641,4.4922,0.25444,5,8,0
0055_2015,2015,NOMBO,9.668,5.0781,0.49095,5,8,0
0055_2015,2015,MILCO,5.3711,2.3438,0.12589,5,8,0
0055_2015,2015,MILCO,5.4688,2.7344,0.14954,5,8,0
0055_2015,2015,MILCO,5.6641,2.7344,0.15488,5,8,0
0055_2015,2015,NOMBO,4.4922,3.9062,0.17548,5,8,0
0055_2015,2015,MILCO,3.8086,1.5625,0.05951,5,8,0
0055_2015,2015,NOMBO,4.4922,3.6133,0.16232,5,8,0
0055_2017,2017,,,,,0,0,1
0055_2018,2018,,,,,0,0,1
0056_2010,2010,,,,,0,0,1
0056_2015,2015,NOMBO,4.4922,2.7344,0.12283,3,6,0
0056_2015,2015,NOMBO,3.0273,3.2227,0.09756,3,6,0
0056_2015,2015,NOMBO,4.9805,3.2227,0.1605,3,6,0
0056_2015,2015,NOMBO,4.4922,2.3438,0.10529,3,6,0
0056_2015,2015,MILCO,6.9336,3.5156,0.24376,3,6,0
0056_2015,2015,MILCO,3.8086,1.5625,0.05951,3,6,0
0056_2015,2015,NOMBO,12.793,12.6953,1.62411,3,6,0
0056_2015,2015,NOMBO,4.9805,3.7109,0.18482,3,6,0
0056_2015,2015,MILCO,4.7852,4.4922,0.21496,3,6,0
0056_2017,2017,,,,,0,0,1
0056_2018,2018,,,,,0,0,1
0057_2010,2010,,,,,0,0,1
0057_2015,2015,NOMBO,4.4471,2.7644,0.12294,3,6,0
0057_2015,2015,NOMBO,3.0048,3.2452,0.09751,3,6,0
0057_2015,2015,NOMBO,4.9279,3.2452,0.15992,3,6,0
0057_2015,2015,NOMBO,4.4471,2.4038,0.1069,3,6,0
0057_2015,2015,MILCO,6.9712,3.4856,0.24298,3,6,0
0057_2015,2015,MILCO,3.8462,1.5625,0.0601,3,6,0
0057_2015,2015,NOMBO,12.7404,12.7404,1.62317,3,6,0
0057_2015,2015,NOMBO,4.9279,3.726,0.18361,3,6,0
0057_2015,2015,MILCO,4.8077,4.4471,0.2138,3,6,0
0057_2017,2017,,,,,0,0,1
0057_2018,2018,,,,,0,0,1
0058_2010,2010,,,,,0,0,1
0058_2015,2015,MILCO,4.8077,4.4471,0.2138,5,3,0
0058_2015,2015,MILCO,3.4856,3.2452,0.11311,5,3,0
0058_2015,2015,NOMBO,14.3029,7.5721,1.08303,5,3,0
0058_2015,2015,MILCO,2.6442,3.0048,0.07945,5,3,0
0058_2015,2015,MILCO,3.2452,2.1635,0.07021,5,3,0
0058_2015,2015,NOMBO,5.0481,2.0433,0.10315,5,3,0
0058_2015,2015,MILCO,2.524,2.1635,0.05461,5,3,0
0058_2015,2015,NOMBO,9.0144,4.6875,0.42255,5,3,0
0058_2017,2017,,,,,0,0,1
0058_2018,2018,,,,,0,0,1
0059_2010,2010,,,,,0,0,1
0059_2015,2015,MILCO,4.7852,4.4922,0.21496,5,3,0
0059_2015,2015,MILCO,3.5156,3.2227,0.1133,5,3,0
0059_2015,2015,NOMBO,14.3555,7.6172,1.09348,5,3,0
0059_2015,2015,MILCO,2.6367,3.0273,0.07982,5,3,0
0059_2015,2015,MILCO,3.2227,2.1484,0.06924,5,3,0
0059_2015,2015,NOMBO,5.0781,2.0508,0.10414,5,3,0
0059_2015,2015,MILCO,2.5391,2.1484,0.05455,5,3,0
0059_2015,2015,NOMBO,8.9844,4.6875,0.42114,5,3,0
0059_2017,2017,,,,,0,0,1
0059_2018,2018,,,,,0,0,1
0060_2010,2010,,,,,0,0,1
0060_2015,2015,MILCO,6.7383,3.3203,0.22373,1,6,0
0060_2015,2015,NOMBO,3.5156,3.125,0.10986,1,6,0
0060_2015,2015,NOMBO,3.3203,2.4414,0.08106,1,6,0
0060_2015,2015,NOMBO,2.1484,2.5391,0.05455,1,6,0
0060_2015,2015,NOMBO,13.3789,3.7109,0.49648,1,6,0
0060_2015,2015,NOMBO,7.0312,3.9062,0.27466,1,6,0
0060_2015,2015,NOMBO,9.375,3.9062,0.36621,1,6,0
0060_2017,2017,,,,,0,0,1
0060_2018,2018,,,,,0,0,1
0061_2010,2010,NOMBO,3.4856,3.3654,0.1173,0,1,0
0061_2015,2015,MILCO,6.7308,3.3654,0.22652,1,6,0
0061_2015,2015,NOMBO,3.4856,3.125,0.10892,1,6,0
0061_2015,2015,NOMBO,3.3654,2.4038,0.0809,1,6,0
0061_2015,2015,NOMBO,2.1635,2.524,0.05461,1,6,0
0061_2015,2015,NOMBO,13.3413,3.726,0.49709,1,6,0
0061_2015,2015,NOMBO,6.9712,3.8462,0.26812,1,6,0
0061_2015,2015,NOMBO,9.375,3.8462,0.36058,1,6,0
0061_2017,2017,,,,,0,0,1
0061_2018,2018,,,,,0,0,1
0062_2010,2010,NOMBO,3.5156,3.3203,0.11673,0,1,0
0062_2015,2015,NOMBO,9.0144,3.8462,0.34671,3,3,0
0062_2015,2015,MILCO,5.5288,5.0481,0.2791,3,3,0
0062_2015,2015,MILCO,6.9712,3.8462,0.26812,3,3,0
0062_2015,2015,MILCO,9.4952,3.4856,0.33096,3,3,0
0062_2015,2015,NOMBO,6.7308,3.8462,0.25888,3,3,0
0062_2015,2015,NOMBO,6.9712,4.3269,0.30164,3,3,0
0062_2017,2017,,,,,0,0,1
0062_2018,2018,,,,,0,0,1
0063_2010,2010,MILCO,1.8555,3.125,0.05798,1,0,0
0063_2015,2015,NOMBO,8.9844,3.9062,0.35095,3,3,0
0063_2015,2015,MILCO,5.4688,5.0781,0.27771,3,3,0
0063_2015,2015,MILCO,7.0312,3.8086,0.26779,3,3,0
0063_2015,2015,MILCO,9.4727,3.5156,0.33302,3,3,0
0063_2015,2015,NOMBO,6.7383,3.9062,0.26321,3,3,0
0063_2015,2015,NOMBO,7.0312,4.2969,0.30212,3,3,0
0063_2017,2017,,,,,0,0,1
0063_2018,2018,,,,,0,0,1
0064_2010,2010,,,,,0,0,1
0064_2015,2015,NOMBO,21.3942,6.7308,1.44,1,4,0
0064_2015,2015,NOMBO,7.6923,3.6058,0.27737,1,4,0
0064_2015,2015,MILCO,7.9327,4.4471,0.35278,1,4,0
0064_2015,2015,NOMBO,9.4952,2.1635,0.20542,1,4,0
0064_2015,2015,NOMBO,7.6923,6.851,0.527,1,4,0
0064_2017,2017,,,,,0,0,1
0064_2018,2018,,,,,0,0,1
0065_2010,2010,,,,,0,0,1
0065_2015,2015,NOMBO,21.3867,6.7383,1.4411,1,4,0
0065_2015,2015,NOMBO,7.7148,3.6133,0.27876,1,4,0
0065_2015,2015,MILCO,7.9102,4.3945,0.34761,1,4,0
0065_2015,2015,NOMBO,9.4727,2.1484,0.20351,1,4,0
0065_2015,2015,NOMBO,7.7148,6.8359,0.52738,1,4,0
0065_2017,2017,,,,,0,0,1
0065_2018,2018,,,,,0,0,1
0066_2010,2010,,,,,0,0,1
0066_2015,2015,NOMBO,9.4727,2.1484,0.20351,1,5,0
0066_2015,2015,NOMBO,9.4727,5.1758,0.49028,1,5,0
0066_2015,2015,NOMBO,9.1797,6.1523,0.56477,1,5,0
0066_2015,2015,NOMBO,9.1797,4.8828,0.44823,1,5,0
0066_2015,2015,NOMBO,12.793,3.8086,0.48723,1,5,0
0066_2015,2015,MILCO,3.2227,2.5391,0.08183,1,5,0
0066_2017,2017,NOMBO,4.5673,1.9231,0.08783,0,1,0
0066_2018,2018,,,,,0,0,1
0067_2010,2010,,,,,0,0,1
0067_2015,2015,MILCO,7.0312,3.7109,0.26093,2,1,0
0067_2015,2015,NOMBO,14.8438,11.3281,1.68152,2,1,0
0067_2015,2015,MILCO,12.1094,2.1484,0.26016,2,1,0
0067_2017,2017,NOMBO,4.5898,1.9531,0.08965,0,1,0
0067_2018,2018,,,,,0,0,1
0068_2010,2010,,,,,0,0,1
0068_2015,2015,NOMBO,4.7852,2.9297,0.14019,0,3,0
0068_2015,2015,NOMBO,6.543,4.1016,0.26836,0,3,0
0068_2015,2015,NOMBO,2.0508,2.3438,0.04807,0,3,0
0068_2017,2017,,,,,0,0,1
0068_2018,2018,NOMBO,7.9102,6.25,0.49438,0,1,0
0069_2010,2010,,,,,0,0,1
0069_2015,2015,NOMBO,4.8077,2.8846,0.13868,0,3,0
0069_2015,2015,NOMBO,6.4904,4.0865,0.26523,0,3,0
0069_2015,2015,NOMBO,2.0433,2.4038,0.04912,0,3,0
0069_2017,2017,,,,,0,0,1
0069_2018,2018,,,,,0,0,1
0070_2010,2010,,,,,0,0,1
0070_2015,2015,NOMBO,5.2734,2.9297,0.1545,2,1,0
0070_2015,2015,MILCO,4.1992,2.0508,0.08612,2,1,0
0070_2015,2015,MILCO,4.6875,1.9531,0.09155,2,1,0
0070_2017,2017,,,,,0,0,1
0070_2018,2018,,,,,0,0,1
0071_2010,2010,,,,,0,0,1
0071_2015,2015,NOMBO,5.2885,2.8846,0.15255,2,1,0
0071_2015,2015,MILCO,4.3269,2.1635,0.09361,2,1,0
0071_2015,2015,MILCO,4.6875,1.9231,0.09014,2,1,0
0071_2017,2017,,,,,0,0,1
0071_2018,2018,,,,,0,0,1
0072_2010,2010,,,,,0,0,1
0072_2015,2015,NOMBO,6.0096,4.2067,0.25281,0,4,0
0072_2015,2015,NOMBO,8.1731,5.649,0.4617,0,4,0
0072_2015,2015,NOMBO,12.6202,6.851,0.8646,0,4,0
0072_2015,2015,NOMBO,4.8077,3.8462,0.18491,0,4,0
0072_2017,2017,,,,,0,0,1
0072_2018,2018,,,,,0,0,1
0073_2010,2010,,,,,0,0,1
0073_2015,2015,NOMBO,6.0547,4.1992,0.25425,0,4,0
0073_2015,2015,NOMBO,8.2031,5.6641,0.46463,0,4,0
0073_2015,2015,NOMBO,12.5977,6.8359,0.86117,0,4,0
0073_2015,2015,NOMBO,4.7852,3.9062,0.18692,0,4,0
0073_2017,2017,,,,,0,0,1
0073_2018,2018,,,,,0,0,1
0074_2010,2010,,,,,0,0,1
0074_2015,2015,NOMBO,4.2969,3.3203,0.14267,2,2,0
0074_2015,2015,MILCO,12.1094,3.7109,0.44937,2,2,0
0074_2015,2015,MILCO,4.2969,2.1484,0.09232,2,2,0
0074_2015,2015,NOMBO,8.5938,4.4922,0.38605,2,2,0
0074_2017,2017,,,,,0,0,1
0074_2018,2018,,,,,0,0,1
0075_2010,2010,,,,,0,0,1
0075_2015,2015,NOMBO,4.3269,3.3654,0.14562,2,2,0
0075_2015,2015,MILCO,12.1394,3.726,0.45231,2,2,0
0075_2015,2015,MILCO,4.3269,2.1635,0.09361,2,2,0
0075_2015,2015,NOMBO,8.6538,4.4471,0.38485,2,2,0
0075_2017,2017,,,,,0,0,1
0075_2018,2018,,,,,0,0,1
0076_2010,2010,,,,,0,0,1
0076_2015,2015,MILCO,9.976,3.2452,0.32374,3,2,0
0076_2015,2015,MILCO,6.9712,3.8462,0.26812,3,2,0
0076_2015,2015,NOMBO,8.6538,4.4471,0.38485,3,2,0
0076_2015,2015,NOMBO,2.2837,1.9231,0.04392,3,2,0
0076_2015,2015,MILCO,5.8894,2.8846,0.16989,3,2,0
0076_2017,2017,,,,,0,0,1
0076_2018,2018,,,,,0,0,1
0077_2010,2010,,,,,0,0,1
0077_2015,2015,MILCO,9.8633,3.3203,0.32749,3,2,0
0077_2015,2015,MILCO,7.0312,3.9062,0.27466,3,2,0
0077_2015,2015,NOMBO,8.5938,4.4922,0.38605,3,2,0
0077_2015,2015,NOMBO,2.2461,1.9531,0.04387,3,2,0
0077_2015,2015,MILCO,5.8594,2.9297,0.17166,3,2,0
0077_2017,2017,,,,,0,0,1
0077_2018,2018,,,,,0,0,1
0078_2010,2010,,,,,0,0,1
0078_2015,2015,MILCO,5.2734,3.2227,0.16994,4,0,0
0078_2015,2015,MILCO,3.6133,2.5391,0.09174,4,0,0
0078_2015,2015,MILCO,5.8594,2.9297,0.17166,4,0,0
0078_2015,2015,MILCO,9.375,2.3438,0.21973,4,0,0
0078_2017,2017,,,,,0,0,1
0078_2018,2018,,,,,0,0,1
0079_2010,2010,,,,,0,0,1
0079_2015,2015,MILCO,5.2885,3.2452,0.17162,4,0,0
0079_2015,2015,MILCO,3.6058,2.524,0.09101,4,0,0
0079_2015,2015,MILCO,5.8894,2.8846,0.16989,4,0,0
0079_2015,2015,MILCO,9.375,2.4038,0.22536,4,0,0
0079_2017,2017,,,,,0,0,1
0079_2018,2018,NOMBO,7.4219,4.4922,0.3334,1,1,0
0079_2018,2018,MILCO,3.2227,1.8555,0.0598,1,1,0
0080_2010,2010,,,,,0,0,1
0080_2015,2015,MILCO,9.375,2.4038,0.22536,2,0,0
0080_2015,2015,MILCO,4.8077,4.9279,0.23692,2,0,0
0080_2017,2017,,,,,0,0,1
0080_2018,2018,NOMBO,7.4519,4.4471,0.3314,1,1,0
0080_2018,2018,MILCO,3.2452,1.8029,0.05851,1,1,0
0081_2010,2010,,,,,0,0,1
0081_2015,2015,MILCO,9.375,2.3438,0.21973,2,0,0
0081_2015,2015,MILCO,4.7852,4.8828,0.23365,2,0,0
0081_2017,2017,,,,,0,0,1
0081_2018,2018,,,,,0,0,1
0082_2010,2010,,,,,0,0,1
0082_2015,2015,MILCO,6.0096,2.524,0.15169,3,0,0
0082_2015,2015,MILCO,3.2452,1.9231,0.06241,3,0,0
0082_2015,2015,MILCO,3.6058,2.524,0.09101,3,0,0
0082_2017,2017,,,,,0,0,1
0082_2018,2018,,,,,0,0,1
0083_2010,2010,,,,,0,0,1
0083_2015,2015,MILCO,6.0547,2.5391,0.15373,3,0,0
0083_2015,2015,MILCO,3.2227,1.9531,0.06294,3,0,0
0083_2015,2015,MILCO,3.6133,2.5391,0.09174,3,0,0
0083_2017,2017,,,,,0,0,1
0083_2018,2018,NOMBO,4.3269,6.1298,0.26523,0,1,0
0084_2010,2010,,,,,0,0,1
0084_2015,2015,MILCO,3.6133,2.5391,0.09174,2,0,0
0084_2015,2015,MILCO,3.6133,1.7578,0.06351,2,0,0
0084_2017,2017,,,,,0,0,1
0084_2018,2018,NOMBO,4.2969,6.1523,0.26436,0,1,0
0085_2010,2010,,,,,0,0,1
0085_2015,2015,MILCO,3.6058,2.524,0.09101,2,0,0
0085_2015,2015,MILCO,3.6058,1.8029,0.06501,2,0,0
0085_2017,2017,,,,,0,0,1
0085_2018,2018,NOMBO,3.2227,3.8086,0.12274,0,1,0
0086_2010,2010,,,,,0,0,1
0086_2015,2015,MILCO,5.3711,2.7344,0.14687,3,0,0
0086_2015,2015,MILCO,3.8086,3.3203,0.12646,3,0,0
0086_2015,2015,MILCO,3.6133,1.7578,0.06351,3,0,0
0086_2017,2017,,,,,0,0,1
0086_2018,2018,,,,,0,0,1
0087_2010,2010,,,,,0,0,1
0087_2015,2015,MILCO,5.4087,2.7644,0.14952,3,0,0
0087_2015,2015,MILCO,3.8462,3.3654,0.12944,3,0,0
0087_2015,2015,MILCO,3.6058,1.8029,0.06501,3,0,0
0087_2017,2017,,,,,0,0,1
0087_2018,2018,,,,,0,0,1
0088_2010,2010,,,,,0,0,1
0088_2015,2015,MILCO,8.6538,3.4856,0.30164,2,1,0
0088_2015,2015,NOMBO,3.3654,2.8846,0.09708,2,1,0
0088_2015,2015,MILCO,3.2452,4.6875,0.15212,2,1,0
0088_2017,2017,,,,,0,0,1
0088_2018,2018,,,,,0,0,1
0089_2010,2010,,,,,0,0,1
0089_2015,2015,MILCO,8.5938,3.5156,0.30212,2,1,0
0089_2015,2015,NOMBO,3.3203,2.9297,0.09727,2,1,0
0089_2015,2015,MILCO,3.2227,4.6875,0.15106,2,1,0
0089_2017,2017,,,,,0,0,1
0089_2018,2018,,,,,0,0,1
0090_2010,2010,,,,,0,0,1
0090_2015,2015,NOMBO,3.6133,2.5391,0.09174,2,5,0
0090_2015,2015,NOMBO,2.832,2.0508,0.05808,2,5,0
0090_2015,2015,MILCO,3.2227,4.6875,0.15106,2,5,0
0090_2015,2015,NOMBO,3.7109,3.2227,0.11959,2,5,0
0090_2015,2015,NOMBO,2.832,2.9297,0.08297,2,5,0
0090_2015,2015,MILCO,2.9297,3.125,0.09155,2,5,0
0090_2015,2015,NOMBO,2.832,2.2461,0.06361,2,5,0
0090_2017,2017,,,,,0,0,1
0090_2018,2018,,,,,0,0,1
0091_2010,2010,,,,,0,0,1
0091_2015,2015,MILCO,6.0547,1.5625,0.0946,2,1,0
0091_2015,2015,NOMBO,5.8594,2.6367,0.1545,2,1,0
0091_2015,2015,MILCO,9.668,2.7344,0.26436,2,1,0
0091_2017,2017,,,,,0,0,1
0091_2018,2018,,,,,0,0,1
0092_2010,2010,,,,,0,0,1
0092_2015,2015,MILCO,10.5769,3.125,0.33053,1,0,0
0092_2017,2017,,,,,0,0,1
0092_2018,2018,,,,,0,0,1
0093_2010,2010,,,,,0,0,1
0093_2015,2015,MILCO,10.5469,3.125,0.32959,1,0,0
0093_2017,2017,,,,,0,0,1
0093_2018,2018,,,,,0,0,1
0094_2010,2010,,,,,0,0,1
0094_2015,2015,MILCO,5.649,1.9231,0.10864,1,0,0
0094_2018,2018,,,,,0,0,1
0095_2010,2010,,,,,0,0,1
0095_2015,2015,MILCO,5.6641,1.9531,0.11063,1,0,0
0095_2018,2018,,,,,0,0,1
0096_2010,2010,,,,,0,0,1
0096_2015,2015,MILCO,6.7308,2.6442,0.17798,1,0,0
0096_2018,2018,,,,,0,0,1
0097_2010,2010,,,,,0,0,1
0097_2015,2015,MILCO,6.7383,2.6367,0.17767,1,0,0
0097_2018,2018,,,,,0,0,1
0098_2010,2010,,,,,0,0,1
0098_2015,2015,MILCO,3.418,2.7344,0.09346,1,0,0
0098_2018,2018,,,,,0,0,1
0099_2010,2010,,,,,0,0,1
0099_2015,2015,MILCO,6.7383,1.5625,0.10529,1,0,0
0099_2018,2018,,,,,0,0,1
0100_2010,2010,,,,,0,0,1
0100_2015,2015,NOMBO,2.4038,2.4038,0.05778,0,1,0
0100_2018,2018,,,,,0,0,1
0101_2010,2010,,,,,0,0,1
0101_2015,2015,NOMBO,2.3438,2.4414,0.05722,0,1,0
0101_2018,2018,,,,,0,0,1
0102_2010,2010,,,,,0,0,1
0102_2015,2015,MILCO,4.4922,1.9531,0.08774,1,0,0
0102_2018,2018,,,,,0,0,1
0103_2010,2010,,,,,0,0,1
0103_2015,2015,MILCO,4.4471,1.9231,0.08552,1,0,0
0103_2018,2018,,,,,0,0,1
0104_2010,2010,,,,,0,0,1
0104_2015,2015,MILCO,4.4471,1.9231,0.08552,2,1,0
0104_2015,2015,NOMBO,2.4038,1.0817,0.026,2,1,0
0104_2015,2015,MILCO,7.4519,1.5625,0.11644,2,1,0
0104_2018,2018,,,,,0,0,1
0105_2010,2010,,,,,0,0,1
0105_2015,2015,MILCO,4.4922,1.9531,0.08774,2,1,0
0105_2015,2015,NOMBO,2.3438,1.0742,0.02518,2,1,0
0105_2015,2015,MILCO,7.4219,1.5625,0.11597,2,1,0
0105_2018,2018,,,,,0,0,1
0106_2010,2010,,,,,0,0,1
0106_2015,2015,MILCO,6.9712,3.3654,0.23461,2,1,0
0106_2015,2015,NOMBO,4.9279,2.8846,0.14215,2,1,0
0106_2015,2015,MILCO,4.9279,2.6442,0.1303,2,1,0
0106_2018,2018,,,,,0,0,1
0107_2010,2010,,,,,0,0,1
0107_2015,2015,MILCO,6.9336,3.418,0.23699,2,1,0
0107_2015,2015,NOMBO,4.9805,2.9297,0.14591,2,1,0
0107_2015,2015,MILCO,4.9805,2.6367,0.13132,2,1,0
0107_2018,2018,MILCO,4.4922,4.5898,0.20618,1,0,0
0108_2010,2010,,,,,0,0,1
0108_2015,2015,,,,,0,0,1
0108_2018,2018,,,,,0,0,1
0109_2010,2010,,,,,0,0,1
0109_2015,2015,,,,,0,0,1
0109_2018,2018,,,,,0,0,1
0110_2010,2010,,,,,0,0,1
0110_2015,2015,MILCO,3.125,2.7344,0.08545,3,3,0
0110_2015,2015,NOMBO,7.0312,2.9297,0.20599,3,3,0
0110_2015,2015,MILCO,3.8086,1.9531,0.07439,3,3,0
0110_2015,2015,MILCO,5.4688,1.4648,0.08011,3,3,0
0110_2015,2015,NOMBO,13.7695,2.9297,0.4034,3,3,0
0110_2015,2015,NOMBO,9.5703,3.418,0.32711,3,3,0
0110_2018,2018,,,,,0,0,1
0111_2010,2010,,,,,0,0,1
0111_2015,2015,MILCO,3.125,2.7644,0.08639,3,3,0
0111_2015,2015,NOMBO,6.9712,2.8846,0.20109,3,3,0
0111_2015,2015,MILCO,3.8462,1.9231,0.07396,3,3,0
0111_2015,2015,MILCO,5.5288,1.4423,0.07974,3,3,0
0111_2015,2015,NOMBO,13.8221,2.8846,0.39871,3,3,0
0111_2015,2015,NOMBO,9.4952,3.4856,0.33096,3,3,0
0111_2018,2018,,,,,0,0,1
0112_2010,2010,,,,,0,0,1
0112_2015,2015,MILCO,5.4688,2.2461,0.12283,4,0,0
0112_2015,2015,MILCO,3.125,2.9297,0.09155,4,0,0
0112_2015,2015,MILCO,3.8086,3.2227,0.12274,4,0,0
0112_2015,2015,MILCO,6.543,1.9531,0.12779,4,0,0
0112_2018,2018,,,,,0,0,1
0113_2010,2010,,,,,0,0,1
0113_2015,2015,MILCO,6.543,1.9531,0.12779,3,5,0
0113_2015,2015,MILCO,5.4688,2.2461,0.12283,3,5,0
0113_2015,2015,NOMBO,1.8555,2.4414,0.0453,3,5,0
0113_2015,2015,NOMBO,6.4453,3.125,0.20142,3,5,0
0113_2015,2015,NOMBO,6.0547,2.0508,0.12417,3,5,0
0113_2015,2015,NOMBO,1.2695,2.1484,0.02728,3,5,0
0113_2015,2015,MILCO,5.4688,1.6602,0.09079,3,5,0
0113_2015,2015,NOMBO,9.375,3.9062,0.36621,3,5,0
0113_2018,2018,,,,,0,0,1
0114_2010,2010,,,,,0,0,1
0114_2015,2015,NOMBO,6.0096,2.0433,0.12279,1,1,0
0114_2015,2015,MILCO,4.5673,3.125,0.14273,1,1,0
0114_2018,2018,,,,,0,0,1
0115_2010,2010,,,,,0,0,1
0115_2015,2015,NOMBO,5.957,2.0508,0.12217,1,1,0
0115_2015,2015,MILCO,4.5898,3.125,0.14343,1,1,0
0115_2018,2018,,,,,0,0,1
0116_2010,2010,,,,,0,0,1
0116_2015,2015,MILCO,3.3654,1.9231,0.06472,1,0,0
0116_2018,2018,,,,,0,0,1
0117_2010,2010,,,,,0,0,1
0117_2015,2015,MILCO,3.3203,1.9531,0.06485,1,0,0
0117_2018,2018,NOMBO,3.4856,4.4471,0.15501,0,1,0
0118_2010,2010,,,,,0,0,1
0118_2015,2015,MILCO,5.2734,4.0039,0.21114,2,0,0
0118_2015,2015,MILCO,6.7383,2.4414,0.16451,2,0,0
0118_2018,2018,NOMBO,3.5156,4.4922,0.15793,0,1,0
0119_2010,2010,,,,,0,0,1
0119_2015,2015,MILCO,6.7383,2.4414,0.16451,1,0,0
0119_2018,2018,,,,,0,0,1
0120_2010,2010,,,,,0,0,1
0120_2015,2015,MILCO,6.7308,2.4038,0.1618,1,0,0
0120_2018,2018,,,,,0,0,1
0121_2010,2010,,,,,0,0,1
0121_2018,2018,,,,,0,0,1
0122_2010,2010,,,,,0,0,1
0122_2018,2018,,,,,0,0,1
0123_2010,2010,,,,,0,0,1
0123_2018,2018,,,,,0,0,1
0124_2010,2010,,,,,0,0,1
0124_2018,2018,,,,,0,0,1
0125_2010,2010,,,,,0,0,1
0125_2018,2018,,,,,0,0,1
0126_2010,2010,,,,,0,0,1
0126_2018,2018,,,,,0,0,1
0127_2010,2010,,,,,0,0,1
0127_2018,2018,,,,,0,0,1
0128_2010,2010,,,,,0,0,1
0128_2018,2018,,,,,0,0,1
0129_2010,2010,,,,,0,0,1
0129_2018,2018,,,,,0,0,1
0130_2010,2010,,,,,0,0,1
0130_2018,2018,,,,,0,0,1
0131_2010,2010,,,,,0,0,1
0131_2018,2018,MILCO,4.2969,2.7344,0.11749,1,0,0
0132_2010,2010,,,,,0,0,1
0132_2018,2018,MILCO,4.3269,2.7644,0.11961,1,0,0
0133_2010,2010,,,,,0,0,1
0133_2018,2018,,,,,0,0,1
0134_2010,2010,,,,,0,0,1
0134_2018,2018,,,,,0,0,1
0135_2010,2010,,,,,0,0,1
0135_2018,2018,,,,,0,0,1
0136_2010,2010,,,,,0,0,1
0136_2018,2018,,,,,0,0,1
0137_2010,2010,,,,,0,0,1
0137_2018,2018,MILCO,4.3269,5.1683,0.22363,1,0,0
0138_2010,2010,,,,,0,0,1
0138_2018,2018,MILCO,4.2969,5.1758,0.2224,1,0,0
0139_2010,2010,,,,,0,0,1
0139_2018,2018,,,,,0,0,1
0140_2010,2010,,,,,0,0,1
0140_2018,2018,,,,,0,0,1
0141_2010,2010,,,,,0,0,1
0141_2018,2018,,,,,0,0,1
0142_2010,2010,,,,,0,0,1
0142_2018,2018,,,,,0,0,1
0143_2010,2010,,,,,0,0,1
0143_2018,2018,,,,,0,0,1
0144_2010,2010,,,,,0,0,1
0144_2018,2018,,,,,0,0,1
0145_2010,2010,,,,,0,0,1
0145_2018,2018,,,,,0,0,1
0146_2010,2010,,,,,0,0,1
0146_2018,2018,,,,,0,0,1
0147_2010,2010,,,,,0,0,1
0147_2018,2018,MILCO,3.6058,3.2452,0.11701,1,0,0
0148_2010,2010,,,,,0,0,1
0148_2018,2018,MILCO,3.6133,3.2227,0.11644,1,0,0
0149_2010,2010,,,,,0,0,1
0149_2018,2018,,,,,0,0,1
0150_2010,2010,,,,,0,0,1
0150_2018,2018,,,,,0,0,1
0151_2010,2010,,,,,0,0,1
0151_2018,2018,,,,,0,0,1
0152_2010,2010,,,,,0,0,1
0152_2018,2018,,,,,0,0,1
0153_2010,2010,,,,,0,0,1
0153_2018,2018,,,,,0,0,1
0154_2010,2010,,,,,0,0,1
0154_2018,2018,,,,,0,0,1
0155_2010,2010,,,,,0,0,1
0155_2018,2018,,,,,0,0,1
0156_2010,2010,,,,,0,0,1
0156_2018,2018,,,,,0,0,1
0157_2010,2010,,,,,0,0,1
0157_2018,2018,,,,,0,0,1
0158_2010,2010,,,,,0,0,1
0158_2018,2018,,,,,0,0,1
0159_2010,2010,,,,,0,0,1
0159_2018,2018,,,,,0,0,1
0160_2010,2010,,,,,0,0,1
0160_2018,2018,,,,,0,0,1
0161_2010,2010,,,,,0,0,1
0161_2018,2018,,,,,0,0,1
0162_2010,2010,,,,,0,0,1
0162_2018,2018,,,,,0,0,1
0163_2010,2010,,,,,0,0,1
0163_2018,2018,,,,,0,0,1
0164_2010,2010,,,,,0,0,1
0164_2018,2018,,,,,0,0,1
0165_2010,2010,,,,,0,0,1
0165_2018,2018,,,,,0,0,1
0166_2010,2010,,,,,0,0,1
0166_2018,2018,MILCO,3.7109,3.0273,0.11234,1,0,0
0167_2010,2010,,,,,0,0,1
0167_2018,2018,,,,,0,0,1
0168_2010,2010,,,,,0,0,1
0168_2018,2018,,,,,0,0,1
0169_2010,2010,,,,,0,0,1
0169_2018,2018,,,,,0,0,1
0170_2010,2010,,,,,0,0,1
0170_2018,2018,,,,,0,0,1
0171_2010,2010,,,,,0,0,1
0171_2018,2018,,,,,0,0,1
0172_2010,2010,,,,,0,0,1
0172_2018,2018,,,,,0,0,1
0173_2010,2010,,,,,0,0,1
0173_2018,2018,,,,,0,0,1
0174_2010,2010,,,,,0,0,1
0174_2018,2018,,,,,0,0,1
0175_2010,2010,,,,,0,0,1
0175_2018,2018,,,,,0,0,1
0176_2010,2010,,,,,0,0,1
0176_2018,2018,,,,,0,0,1
0177_2010,2010,,,,,0,0,1
0177_2018,2018,,,,,0,0,1
0178_2010,2010,,,,,0,0,1
0178_2018,2018,,,,,0,0,1
0179_2010,2010,,,,,0,0,1
0179_2018,2018,,,,,0,0,1
0180_2010,2010,,,,,0,0,1
0180_2018,2018,,,,,0,0,1
0181_2010,2010,,,,,0,0,1
0181_2018,2018,,,,,0,0,1
0182_2010,2010,,,,,0,0,1
0182_2018,2018,,,,,0,0,1
0183_2010,2010,,,,,0,0,1
0183_2018,2018,,,,,0,0,1
0184_2010,2010,,,,,0,0,1
0184_2018,2018,,,,,0,0,1
0185_2010,2010,,,,,0,0,1
0185_2018,2018,,,,,0,0,1
0186_2010,2010,,,,,0,0,1
0186_2018,2018,,,,,0,0,1
0187_2010,2010,,,,,0,0,1
0187_2018,2018,,,,,0,0,1
0188_2010,2010,,,,,0,0,1
0188_2018,2018,,,,,0,0,1
0189_2010,2010,,,,,0,0,1
0189_2018,2018,,,,,0,0,1
0190_2010,2010,,,,,0,0,1
0190_2018,2018,,,,,0,0,1
0191_2010,2010,,,,,0,0,1
0191_2018,2018,,,,,0,0,1
0192_2010,2010,,,,,0,0,1
0192_2018,2018,,,,,0,0,1
0193_2010,2010,,,,,0,0,1
0193_2018,2018,,,,,0,0,1
0194_2010,2010,,,,,0,0,1
0194_2018,2018,,,,,0,0,1
0195_2010,2010,,,,,0,0,1
0195_2018,2018,,,,,0,0,1
0196_2010,2010,,,,,0,0,1
0196_2018,2018,,,,,0,0,1
0197_2010,2010,,,,,0,0,1
0197_2018,2018,,,,,0,0,1
0198_2010,2010,,,,,0,0,1
0198_2018,2018,,,,,0,0,1
0199_2010,2010,,,,,0,0,1
0199_2018,2018,,,,,0,0,1
0200_2010,2010,,,,,0,0,1
0200_2018,2018,,,,,0,0,1
0201_2010,2010,,,,,0,0,1
0201_2018,2018,,,,,0,0,1
0202_2010,2010,,,,,0,0,1
0202_2018,2018,,,,,0,0,1
0203_2010,2010,,,,,0,0,1
0203_2018,2018,,,,,0,0,1
0204_2010,2010,,,,,0,0,1
0204_2018,2018,,,,,0,0,1
0205_2010,2010,,,,,0,0,1
0205_2018,2018,,,,,0,0,1
0206_2010,2010,,,,,0,0,1
0206_2018,2018,,,,,0,0,1
0207_2010,2010,MILCO,2.4414,2.3438,0.05722,1,0,0
0207_2018,2018,,,,,0,0,1
0208_2010,2010,MILCO,2.4038,2.4038,0.05778,1,0,0
0208_2018,2018,,,,,0,0,1
0209_2010,2010,,,,,0,0,1
0209_2018,2018,,,,,0,0,1
0210_2010,2010,,,,,0,0,1
0210_2018,2018,,,,,0,0,1
0211_2010,2010,,,,,0,0,1
0211_2018,2018,,,,,0,0,1
0212_2010,2010,,,,,0,0,1
0212_2018,2018,MILCO,3.4856,3.8462,0.13406,1,0,0
0213_2010,2010,,,,,0,0,1
0213_2018,2018,MILCO,3.5156,3.9062,0.13733,1,0,0
0214_2010,2010,,,,,0,0,1
0214_2018,2018,,,,,0,0,1
0215_2010,2010,,,,,0,0,1
0215_2018,2018,,,,,0,0,1
0216_2010,2010,,,,,0,0,1
0216_2018,2018,,,,,0,0,1
0217_2010,2010,,,,,0,0,1
0217_2018,2018,,,,,0,0,1
0218_2010,2010,,,,,0,0,1
0218_2018,2018,,,,,0,0,1
0219_2010,2010,,,,,0,0,1
0219_2018,2018,,,,,0,0,1
0220_2010,2010,,,,,0,0,1
0220_2018,2018,,,,,0,0,1
0221_2010,2010,,,,,0,0,1
0221_2018,2018,,,,,0,0,1
0222_2010,2010,,,,,0,0,1
0222_2018,2018,,,,,0,0,1
0223_2010,2010,,,,,0,0,1
0223_2018,2018,,,,,0,0,1
0224_2010,2010,,,,,0,0,1
0224_2018,2018,,,,,0,0,1
0225_2010,2010,,,,,0,0,1
0225_2018,2018,,,,,0,0,1
0226_2010,2010,,,,,0,0,1
0226_2018,2018,,,,,0,0,1
0227_2010,2010,,,,,0,0,1
0227_2018,2018,,,,,0,0,1
0228_2010,2010,,,,,0,0,1
0228_2018,2018,,,,,0,0,1
0229_2010,2010,,,,,0,0,1
0229_2018,2018,,,,,0,0,1
0230_2010,2010,,,,,0,0,1
0230_2018,2018,,,,,0,0,1
0231_2010,2010,,,,,0,0,1
0231_2018,2018,,,,,0,0,1
0232_2010,2010,,,,,0,0,1
0232_2018,2018,,,,,0,0,1
0233_2010,2010,,,,,0,0,1
0233_2018,2018,,,,,0,0,1
0234_2010,2010,,,,,0,0,1
0234_2018,2018,,,,,0,0,1
0235_2010,2010,,,,,0,0,1
0235_2018,2018,,,,,0,0,1
0236_2010,2010,,,,,0,0,1
0236_2018,2018,,,,,0,0,1
0237_2010,2010,,,,,0,0,1
0237_2018,2018,,,,,0,0,1
0238_2010,2010,,,,,0,0,1
0238_2018,2018,,,,,0,0,1
0239_2010,2010,,,,,0,0,1
0239_2018,2018,,,,,0,0,1
0240_2010,2010,,,,,0,0,1
0240_2018,2018,,,,,0,0,1
0241_2010,2010,,,,,0,0,1
0241_2018,2018,,,,,0,0,1
0242_2010,2010,,,,,0,0,1
0242_2018,2018,,,,,0,0,1
0243_2010,2010,,,,,0,0,1
0243_2018,2018,,,,,0,0,1
0244_2010,2010,,,,,0,0,1
0244_2018,2018,,,,,0,0,1
0245_2010,2010,,,,,0,0,1
0245_2018,2018,,,,,0,0,1
0246_2010,2010,,,,,0,0,1
0246_2018,2018,,,,,0,0,1
0247_2010,2010,,,,,0,0,1
0247_2018,2018,,,,,0,0,1
0248_2010,2010,,,,,0,0,1
0248_2018,2018,,,,,0,0,1
0249_2010,2010,,,,,0,0,1
0249_2018,2018,,,,,0,0,1
0250_2010,2010,,,,,0,0,1
0250_2018,2018,,,,,0,0,1
0251_2010,2010,,,,,0,0,1
0251_2018,2018,,,,,0,0,1
0252_2010,2010,,,,,0,0,1
0252_2018,2018,,,,,0,0,1
0253_2010,2010,,,,,0,0,1
0253_2018,2018,,,,,0,0,1
0254_2010,2010,,,,,0,0,1
0254_2018,2018,,,,,0,0,1
0255_2010,2010,,,,,0,0,1
0255_2018,2018,,,,,0,0,1
0256_2010,2010,MILCO,6.9712,2.7644,0.19271,2,0,0
0256_2010,2010,MILCO,7.9327,3.3654,0.26697,2,0,0
0256_2018,2018,,,,,0,0,1
0257_2010,2010,MILCO,6.9336,2.7344,0.18959,2,0,0
0257_2010,2010,MILCO,7.9102,3.3203,0.26264,2,0,0
0257_2018,2018,,,,,0,0,1
0258_2010,2010,,,,,0,0,1
0258_2018,2018,,,,,0,0,1
0259_2010,2010,,,,,0,0,1
0259_2018,2018,,,,,0,0,1
0260_2010,2010,,,,,0,0,1
0260_2018,2018,,,,,0,0,1
0261_2010,2010,,,,,0,0,1
0261_2018,2018,,,,,0,0,1
0262_2010,2010,,,,,0,0,1
0262_2018,2018,,,,,0,0,1
0263_2010,2010,,,,,0,0,1
0263_2018,2018,,,,,0,0,1
0264_2010,2010,,,,,0,0,1
0264_2018,2018,,,,,0,0,1
0265_2010,2010,,,,,0,0,1
0265_2018,2018,,,,,0,0,1
0266_2010,2010,,,,,0,0,1
0266_2018,2018,,,,,0,0,1
0267_2010,2010,,,,,0,0,1
0267_2018,2018,,,,,0,0,1
0268_2010,2010,,,,,0,0,1
0268_2018,2018,NOMBO,2.7344,1.3672,0.03738,0,1,0
0269_2010,2010,,,,,0,0,1
0269_2018,2018,NOMBO,2.7644,1.3221,0.03655,0,1,0
0270_2010,2010,,,,,0,0,1
0270_2018,2018,MILCO,2.7344,1.3672,0.03738,1,0,0
0271_2010,2010,,,,,0,0,1
0271_2018,2018,,,,,0,0,1
0272_2010,2010,,,,,0,0,1
0272_2018,2018,,,,,0,0,1
0273_2010,2010,,,,,0,0,1
0273_2018,2018,,,,,0,0,1
0274_2010,2010,,,,,0,0,1
0274_2018,2018,,,,,0,0,1
0275_2010,2010,,,,,0,0,1
0275_2018,2018,MILCO,5.7692,3.2452,0.18722,1,0,0
0276_2010,2010,,,,,0,0,1
0276_2018,2018,MILCO,5.7617,3.2227,0.18568,1,0,0
0277_2010,2010,,,,,0,0,1
0277_2018,2018,,,,,0,0,1
0278_2010,2010,,,,,0,0,1
0278_2018,2018,,,,,0,0,1
0279_2010,2010,,,,,0,0,1
0279_2018,2018,,,,,0,0,1
0280_2010,2010,,,,,0,0,1
0280_2018,2018,,,,,0,0,1
0281_2010,2010,,,,,0,0,1
0281_2018,2018,,,,,0,0,1
0282_2010,2010,,,,,0,0,1
0282_2018,2018,MILCO,2.6367,3.125,0.0824,1,0,0
0283_2010,2010,,,,,0,0,1
0283_2018,2018,,,,,0,0,1
0284_2010,2010,MILCO,8.9844,3.0273,0.27199,1,0,0
0284_2018,2018,,,,,0,0,1
0285_2010,2010,,,,,0,0,1
0285_2018,2018,NOMBO,10.4492,11.2305,1.1735,0,1,0
0286_2010,2010,,,,,0,0,1
0286_2018,2018,NOMBO,10.4567,11.1779,1.16884,0,1,0
0287_2010,2010,,,,,0,0,1
0287_2018,2018,,,,,0,0,1
0288_2010,2010,,,,,0,0,1
0288_2018,2018,,,,,0,0,1
0289_2010,2010,,,,,0,0,1
0289_2018,2018,,,,,0,0,1
0290_2010,2010,,,,,0,0,1
0290_2018,2018,,,,,0,0,1
0291_2010,2010,,,,,0,0,1
0291_2018,2018,,,,,0,0,1
0292_2010,2010,,,,,0,0,1
0292_2018,2018,,,,,0,0,1
0293_2010,2010,,,,,0,0,1
0293_2018,2018,,,,,0,0,1
0294_2010,2010,,,,,0,0,1
0294_2018,2018,,,,,0,0,1
0295_2010,2010,,,,,0,0,1
0295_2018,2018,,,,,0,0,1
0296_2010,2010,,,,,0,0,1
0296_2018,2018,,,,,0,0,1
0297_2010,2010,,,,,0,0,1
0297_2018,2018,,,,,0,0,1
0298_2010,2010,,,,,0,0,1
0298_2018,2018,,,,,0,0,1
0299_2010,2010,MILCO,9.375,3.4856,0.32677,1,0,0
0299_2018,2018,,,,,0,0,1
0300_2010,2010,MILCO,9.375,3.5156,0.32959,1,0,0
0300_2018,2018,,,,,0,0,1
0301_2010,2010,,,,,0,0,1
0301_2018,2018,,,,,0,0,1
0302_2010,2010,MILCO,13.6719,4.0039,0.54741,1,0,0
0302_2018,2018,,,,,0,0,1
0303_2010,2010,,,,,0,0,1
0303_2018,2018,,,,,0,0,1
0304_2010,2010,,,,,0,0,1
0304_2018,2018,,,,,0,0,1
0305_2010,2010,MILCO,7.4219,3.0273,0.22469,1,0,0
0305_2018,2018,,,,,0,0,1
0306_2010,2010,,,,,0,0,1
0306_2018,2018,,,,,0,0,1
0307_2010,2010,MILCO,6.0547,2.5391,0.15373,1,0,0
0307_2018,2018,,,,,0,0,1
0308_2010,2010,,,,,0,0,1
0308_2018,2018,,,,,0,0,1
0309_2010,2010,,,,,0,0,1
0309_2018,2018,,,,,0,0,1
0310_2010,2010,,,,,0,0,1
0310_2018,2018,,,,,0,0,1
0311_2010,2010,,,,,0,0,1
0311_2018,2018,,,,,0,0,1
0312_2010,2010,,,,,0,0,1
0312_2018,2018,,,,,0,0,1
0313_2010,2010,NOMBO,5.5288,2.524,0.13955,0,1,0
0313_2018,2018,,,,,0,0,1
0314_2010,2010,NOMBO,5.4688,2.5391,0.13885,0,1,0
0314_2018,2018,,,,,0,0,1
0315_2010,2010,NOMBO,5.4688,2.5391,0.13885,1,1,0
0315_2010,2010,MILCO,5.3711,2.832,0.15211,1,1,0
0315_2018,2018,,,,,0,0,1
0316_2010,2010,NOMBO,5.5288,2.524,0.13955,1,1,0
0316_2010,2010,MILCO,5.4087,2.8846,0.15602,1,1,0
0316_2018,2018,,,,,0,0,1
0317_2010,2010,NOMBO,14.8438,2.5391,0.37689,0,1,0
0317_2018,2018,,,,,0,0,1
0318_2010,2010,NOMBO,14.9038,2.524,0.37618,0,1,0
0318_2018,2018,,,,,0,0,1
0319_2010,2010,,,,,0,0,1
0319_2018,2018,NOMBO,6.4453,8.3008,0.53501,0,1,0
0320_2010,2010,,,,,0,0,1
0320_2018,2018,NOMBO,6.4904,8.2933,0.53827,0,1,0
0321_2010,2010,,,,,0,0,1
0321_2018,2018,,,,,0,0,1
0322_2010,2010,MILCO,7.0312,4.2969,0.30212,1,0,0
0322_2018,2018,,,,,0,0,1
0323_2010,2010,,,,,0,0,1
0323_2018,2018,,,,,0,0,1
0324_2010,2010,MILCO,5.6641,2.832,0.16041,1,1,0
0324_2010,2010,NOMBO,10.0586,3.7109,0.37327,1,1,0
0324_2018,2018,NOMBO,3.0273,6.4453,0.19512,0,1,0
0325_2010,2010,MILCO,5.649,2.8846,0.16295,1,1,0
0325_2010,2010,NOMBO,10.0962,3.726,0.37618,1,1,0
0325_2018,2018,NOMBO,3.0048,6.4904,0.19502,0,1,0
0326_2010,2010,,,,,0,0,1
0326_2018,2018,,,,,0,0,1
0327_2010,2010,NOMBO,14.7461,4.2969,0.63362,0,1,0
0327_2018,2018,,,,,0,0,1
0328_2010,2010,NOMBO,14.7837,4.3269,0.63968,0,1,0
0328_2018,2018,MILCO,2.0508,1.9531,0.04005,1,0,0
0329_2010,2010,,,,,0,0,1
0329_2018,2018,MILCO,2.0433,1.9231,0.03929,1,0,0
0330_2010,2010,,,,,0,0,1
0330_2018,2018,MILCO,3.418,2.0508,0.0701,1,0,0
0331_2010,2010,,,,,0,0,1
0331_2018,2018,MILCO,3.418,2.0508,0.0701,2,0,0
0331_2018,2018,MILCO,4.9805,1.9531,0.09727,2,0,0
0332_2010,2010,,,,,0,0,1
0332_2018,2018,MILCO,4.9279,1.9231,0.09477,2,0,0
0332_2018,2018,MILCO,3.125,2.1635,0.06761,2,0,0
0333_2010,2010,,,,,0,0,1
0333_2018,2018,MILCO,4.9805,1.9531,0.09727,2,0,0
0333_2018,2018,MILCO,3.125,2.1484,0.06714,2,0,0
0334_2010,2010,,,,,0,0,1
0334_2018,2018,MILCO,3.125,2.1484,0.06714,1,0,0
0335_2010,2010,,,,,0,0,1
0335_2018,2018,MILCO,3.125,2.1635,0.06761,1,0,0
0336_2010,2010,,,,,0,0,1
0336_2018,2018,MILCO,2.2461,2.6367,0.05922,2,0,0
0336_2018,2018,MILCO,2.5391,1.3672,0.03471,2,0,0
0337_2010,2010,,,,,0,0,1
0337_2018,2018,MILCO,2.5391,1.0742,0.02728,1,0,0
0338_2010,2010,MILCO,5.4087,2.524,0.13652,1,0,0
0338_2018,2018,,,,,0,0,1
0339_2010,2010,MILCO,5.3711,2.5391,0.13638,1,0,0
0339_2018,2018,,,,,0,0,1
0340_2010,2010,,,,,0,0,1
0340_2018,2018,MILCO,3.6058,1.2019,0.04334,1,0,0
0341_2010,2010,,,,,0,0,1
0341_2018,2018,MILCO,3.6133,1.1719,0.04234,1,0,0
0342_2010,2010,MILCO,6.9712,2.6442,0.18433,1,0,0
0342_2018,2018,MILCO,3.418,3.0273,0.10347,1,0,0
0343_2010,2010,MILCO,7.0312,2.6367,0.18539,1,0,0
0343_2018,2018,MILCO,3.3654,3.0048,0.10112,1,0,0
0344_2010,2010,,,,,0,0,1
0344_2018,2018,NOMBO,10.0586,3.5156,0.35362,1,1,0
0344_2018,2018,MILCO,3.6133,1.6602,0.05999,1,1,0
0345_2010,2010,,,,,0,0,1
0345_2018,2018,NOMBO,10.0962,3.4856,0.35191,1,1,0
0345_2018,2018,MILCO,3.6058,1.6827,0.06067,1,1,0
0346_2018,2018,,,,,0,0,1
0347_2018,2018,,,,,0,0,1
0348_2018,2018,,,,,0,0,1
0349_2018,2018,,,,,0,0,1
0350_2018,2018,,,,,0,0,1
0351_2018,2018,,,,,0,0,1
0352_2018,2018,,,,,0,0,1
0353_2018,2018,,,,,0,0,1
0354_2018,2018,,,,,0,0,1
0355_2018,2018,,,,,0,0,1
0356_2018,2018,,,,,0,0,1
0357_2018,2018,,,,,0,0,1
0358_2018,2018,MILCO,8.3984,2.9297,0.24605,3,0,0
0358_2018,2018,MILCO,2.2461,1.6602,0.03729,3,0,0
0358_2018,2018,MILCO,4.4922,1.7578,0.07896,3,0,0
0359_2018,2018,MILCO,8.4135,2.8846,0.2427,3,0,0
0359_2018,2018,MILCO,2.2837,1.6827,0.03843,3,0,0
0359_2018,2018,MILCO,4.4471,1.8029,0.08018,3,0,0
0360_2018,2018,,,,,0,0,1
0361_2018,2018,,,,,0,0,1
0362_2018,2018,MILCO,2.3438,1.4648,0.03433,1,0,0
0363_2018,2018,MILCO,2.4038,2.8846,0.06934,1,0,0
0364_2018,2018,MILCO,2.3438,2.832,0.06638,1,0,0
0365_2018,2018,NOMBO,12.2596,75.8413,9.29786,2,1,0
0365_2018,2018,MILCO,3.125,1.4423,0.04507,2,1,0
0365_2018,2018,MILCO,13.4615,2.4038,0.32359,2,1,0
0366_2018,2018,NOMBO,12.207,75.8789,9.26256,2,1,0
0366_2018,2018,MILCO,3.125,1.4648,0.04578,2,1,0
0366_2018,2018,MILCO,13.4766,2.4414,0.32902,2,1,0
0367_2018,2018,MILCO,14.1602,2.9297,0.41485,2,0,0
0367_2018,2018,MILCO,0.0005,0.0031,0.0,2,0,0
0368_2018,2018,MILCO,14.1602,2.9297,0.41485,2,0,0
0368_2018,2018,MILCO,3.125,0.9766,0.03052,2,0,0
0369_2018,2018,MILCO,1.8555,2.4414,0.0453,1,0,0
0370_2018,2018,MILCO,1.8029,2.4038,0.04334,1,0,0
0371_2018,2018,MILCO,1.8555,2.4414,0.0453,1,0,0
0372_2018,2018,,,,,0,0,1
0373_2018,2018,MILCO,3.2227,1.6602,0.0535,1,0,0
0374_2018,2018,MILCO,3.2452,1.6827,0.05461,1,0,0
0375_2018,2018,MILCO,3.2227,1.6602,0.0535,1,0,0
0376_2018,2018,MILCO,3.418,1.6602,0.05674,1,0,0
0377_2018,2018,MILCO,3.3654,1.6827,0.05663,1,0,0
0378_2018,2018,MILCO,3.418,1.6602,0.05674,1,0,0
0379_2018,2018,MILCO,3.3654,1.6827,0.05663,1,0,0
0380_2018,2018,,,,,0,0,1
0381_2018,2018,,,,,0,0,1
0382_2018,2018,,,,,0,0,1
0383_2018,2018,,,,,0,0,1
0384_2018,2018,,,,,0,0,1
0385_2018,2018,,,,,0,0,1
0386_2018,2018,,,,,0,0,1
0387_2018,2018,MILCO,4.4922,1.9531,0.08774,1,0,0
0388_2018,2018,MILCO,4.4471,1.9231,0.08552,1,0,0
0389_2018,2018,MILCO,4.4922,1.9531,0.08774,1,0,0
0390_2018,2018,,,,,0,0,1
0391_2018,2018,,,,,0,0,1
0392_2018,2018,,,,,0,0,1
0393_2018,2018,,,,,0,0,1
0394_2018,2018,,,,,0,0,1
0395_2018,2018,,,,,0,0,1
0396_2018,2018,,,,,0,0,1
0397_2018,2018,,,,,0,0,1
0398_2018,2018,,,,,0,0,1
0399_2018,2018,,,,,0,0,1
0400_2018,2018,,,,,0,0,1
0401_2018,2018,,,,,0,0,1
0402_2018,2018,,,,,0,0,1
0403_2018,2018,,,,,0,0,1
0404_2018,2018,MILCO,2.2461,1.2695,0.02851,1,1,0
0404_2018,2018,NOMBO,3.125,2.1484,0.06714,1,1,0
0405_2018,2018,,,,,0,0,1
0406_2018,2018,,,,,0,0,1
0407_2018,2018,,,,,0,0,1
0408_2018,2018,,,,,0,0,1
0409_2018,2018,,,,,0,0,1
0410_2018,2018,,,,,0,0,1
0411_2018,2018,,,,,0,0,1
0412_2018,2018,MILCO,2.0433,1.8029,0.03684,1,0,0
0413_2018,2018,MILCO,2.0508,1.7578,0.03605,1,0,0
0414_2018,2018,NOMBO,6.1523,1.9531,0.12016,0,1,0
0415_2018,2018,NOMBO,6.1298,1.9231,0.11788,0,1,0
0416_2018,2018,,,,,0,0,1
0417_2018,2018,,,,,0,0,1
0418_2018,2018,,,,,0,0,1
0419_2018,2018,,,,,0,0,1
0420_2018,2018,,,,,0,0,1
0421_2018,2018,,,,,0,0,1
0422_2018,2018,,,,,0,0,1
0423_2018,2018,,,,,0,0,1
0424_2018,2018,,,,,0,0,1
0425_2018,2018,,,,,0,0,1
0426_2018,2018,NOMBO,5.2885,2.4038,0.12713,0,1,0
0427_2018,2018,NOMBO,5.2734,2.3438,0.1236,0,1,0
0428_2018,2018,MILCO,3.125,1.8555,0.05798,1,0,0
0429_2018,2018,MILCO,3.125,1.8029,0.05634,1,0,0
0430_2018,2018,,,,,0,0,1
0431_2018,2018,,,,,0,0,1
0432_2018,2018,,,,,0,0,1
0433_2018,2018,,,,,0,0,1
0434_2018,2018,NOMBO,6.0096,1.4423,0.08668,1,1,0
0434_2018,2018,MILCO,2.0433,1.3221,0.02701,1,1,0
0435_2018,2018,NOMBO,5.957,1.4648,0.08726,1,1,0
0435_2018,2018,MILCO,2.0508,1.2695,0.02604,1,1,0
0436_2018,2018,MILCO,2.0508,1.2695,0.02604,1,0,0
0437_2018,2018,MILCO,2.0433,1.3221,0.02701,1,0,0
0438_2018,2018,,,,,0,0,1
0439_2018,2018,,,,,0,0,1
0440_2018,2018,NOMBO,2.9297,1.9531,0.05722,0,1,0
0441_2018,2018,MILCO,1.5625,2.4414,0.03815,2,0,0
0441_2018,2018,MILCO,2.5391,1.7578,0.04463,2,0,0
0442_2018,2018,MILCO,1.5625,2.4038,0.03756,2,0,0
0442_2018,2018,MILCO,2.524,1.8029,0.04551,2,0,0
0443_2018,2018,MILCO,2.524,1.8029,0.04551,1,0,0
0444_2018,2018,MILCO,2.5391,1.7578,0.04463,1,0,0
0445_2018,2018,MILCO,2.0433,2.0433,0.04175,1,0,0
0446_2018,2018,,,,,0,0,1
0447_2018,2018,,,,,0,0,1
0448_2018,2018,,,,,0,0,1
0449_2018,2018,MILCO,2.7644,2.1635,0.05981,1,0,0
0450_2018,2018,,,,,0,0,1
0451_2018,2018,MILCO,3.6058,1.2019,0.04334,1,0,0
0452_2018,2018,NOMBO,6.0096,4.3269,0.26003,0,1,0
0453_2018,2018,NOMBO,5.1683,3.8462,0.19878,0,1,0
0454_2018,2018,NOMBO,15.9856,8.5337,1.36415,0,1,0
0455_2018,2018,MILCO,3.8462,2.8846,0.11095,2,0,0
0455_2018,2018,MILCO,5.1683,1.6827,0.08697,2,0,0
0456_2018,2018,NOMBO,15.8654,8.774,1.39203,0,1,0
0457_2018,2018,NOMBO,15.7452,6.9712,1.09762,0,1,0
0458_2018,2018,NOMBO,21.5144,11.2981,2.43072,0,2,0
0458_2018,2018,NOMBO,20.5529,11.4183,2.34678,0,2,0
0459_2018,2018,NOMBO,8.774,4.2067,0.3691,0,1,0
0460_2018,2018,NOMBO,25.7212,13.8221,3.55521,0,3,0
0460_2018,2018,NOMBO,9.6154,3.0048,0.28892,0,3,0
0460_2018,2018,NOMBO,6.7308,3.3654,0.22652,0,3,0
0461_2018,2018,NOMBO,6.9712,3.8462,0.26812,0,2,0
0461_2018,2018,NOMBO,11.1779,7.5721,0.8464,0,2,0
0462_2018,2018,NOMBO,31.1298,14.4231,4.48988,0,1,0
0463_2018,2018,NOMBO,17.7885,9.7356,1.73181,0,2,0
0463_2018,2018,NOMBO,9.976,3.4856,0.34772,0,2,0
0464_2018,2018,MILCO,6.25,2.4038,0.15024,1,0,0
0465_2018,2018,,,,,0,0,1
0466_2018,2018,,,,,0,0,1
0467_2018,2018,,,,,0,0,1
0468_2018,2018,,,,,0,0,1
0469_2018,2018,,,,,0,0,1
0470_2018,2018,,,,,0,0,1
0471_2018,2018,,,,,0,0,1
0472_2018,2018,,,,,0,0,1
0473_2018,2018,,,,,0,0,1
0474_2018,2018,,,,,0,0,1
0475_2018,2018,,,,,0,0,1
0476_2018,2018,,,,,0,0,1
0477_2018,2018,,,,,0,0,1
0478_2018,2018,,,,,0,0,1
0479_2018,2018,,,,,0,0,1
0480_2018,2018,,,,,0,0,1
0481_2018,2018,NOMBO,3.726,2.7644,0.103,0,1,0
0482_2018,2018,,,,,0,0,1
0483_2018,2018,,,,,0,0,1
0484_2018,2018,,,,,0,0,1
0485_2018,2018,,,,,0,0,1
0486_2018,2018,,,,,0,0,1
0487_2018,2018,,,,,0,0,1
0488_2018,2018,,,,,0,0,1
0489_2018,2018,,,,,0,0,1
0490_2018,2018,,,,,0,0,1
0491_2018,2018,,,,,0,0,1
0492_2018,2018,,,,,0,0,1
0493_2018,2018,,,,,0,0,1
0494_2018,2018,,,,,0,0,1
0495_2018,2018,,,,,0,0,1
0496_2018,2018,,,,,0,0,1
0497_2018,2018,,,,,0,0,1
0498_2018,2018,,,,,0,0,1
0499_2018,2018,,,,,0,0,1
0500_2018,2018,,,,,0,0,1
0501_2018,2018,,,,,0,0,1
0502_2018,2018,,,,,0,0,1
0503_2018,2018,,,,,0,0,1
0504_2018,2018,,,,,0,0,1
0505_2018,2018,,,,,0,0,1
0506_2018,2018,,,,,0,0,1
0507_2018,2018,,,,,0,0,1
0508_2018,2018,,,,,0,0,1
0509_2018,2018,,,,,0,0,1
0510_2018,2018,MILCO,2.4038,1.3221,0.03178,1,0,0
0511_2018,2018,,,,,0,0,1
0512_2018,2018,,,,,0,0,1
0513_2018,2018,,,,,0,0,1
0514_2018,2018,,,,,0,0,1
0515_2018,2018,,,,,0,0,1
0516_2018,2018,,,,,0,0,1
0517_2018,2018,MILCO,1.8029,1.2019,0.02167,2,0,0
0517_2018,2018,MILCO,3.3654,2.4038,0.0809,2,0,0
0518_2018,2018,,,,,0,0,1
0519_2018,2018,,,,,0,0,1
0520_2018,2018,,,,,0,0,1
0521_2018,2018,MILCO,2.4038,1.8029,0.04334,1,0,0
0522_2018,2018,,,,,0,0,1
0523_2018,2018,,,,,0,0,1
0524_2018,2018,,,,,0,0,1
0525_2018,2018,,,,,0,0,1
0526_2018,2018,,,,,0,0,1
0527_2018,2018,,,,,0,0,1
0528_2018,2018,,,,,0,0,1
0529_2018,2018,,,,,0,0,1
0530_2018,2018,,,,,0,0,1
0531_2018,2018,,,,,0,0,1
0532_2018,2018,,,,,0,0,1
0533_2018,2018,,,,,0,0,1
0534_2018,2018,,,,,0,0,1
0535_2018,2018,,,,,0,0,1
0536_2018,2018,,,,,0,0,1
0537_2018,2018,,,,,0,0,1
0538_2018,2018,,,,,0,0,1
0539_2018,2018,,,,,0,0,1
0540_2018,2018,,,,,0,0,1
0541_2018,2018,,,,,0,0,1
0542_2018,2018,,,,,0,0,1
0543_2018,2018,,,,,0,0,1
0544_2018,2018,,,,,0,0,1
0545_2018,2018,,,,,0,0,1
0546_2018,2018,,,,,0,0,1
0547_2018,2018,,,,,0,0,1
0548_2018,2018,,,,,0,0,1
0549_2018,2018,,,,,0,0,1
0550_2018,2018,,,,,0,0,1
0551_2018,2018,,,,,0,0,1
0552_2018,2018,,,,,0,0,1
0553_2018,2018,,,,,0,0,1
0554_2018,2018,,,,,0,0,1
0555_2018,2018,,,,,0,0,1
0556_2018,2018,,,,,0,0,1
0557_2018,2018,,,,,0,0,1
0558_2018,2018,,,,,0,0,1
0559_2018,2018,,,,,0,0,1
0560_2018,2018,,,,,0,0,1
0561_2018,2018,,,,,0,0,1
0562_2018,2018,,,,,0,0,1
0563_2018,2018,,,,,0,0,1
0564_2018,2018,,,,,0,0,1
